Data Series,D Overall Balance (A-B+C),A Current Account Balance,Goods Balance,Exports Of Goods,Imports Of Goods,Services Balance,Exports Of Services,Manufacturing Services On Physical Inputs Owned By Others,Maintenance And Repair Services,Transport,Travel,Insurance,Government Goods And Services,Construction,Financial,"Telecommunications, Computer & Information",Charges For The Use Of Intellectual Property,"Personal, Cultural And Recreational",Other Business Services,Imports Of Services,Manufacturing Services On Physical Inputs Owned By Others,Maintenance And Repair Services,Transport,Travel,Insurance,Government Goods And Services,Construction,Financial,"Telecommunications, Computer & Information",Charges For The Use Of Intellectual Property,"Personal, Cultural And Recreational",Other Business Services,Primary Income Balance,Primary Income Receipts,Primary Income Payments,Secondary Income Balance,Secondary Income Receipts,Secondary Income Payments,B Capital & Financial Account Balance,Financial Account (Net),Direct Investment,Assets,Liabilities,Portfolio Investment,Assets,"Deposit-Taking Corporations, Except The Central Bank",Official,Others,Liabilities,"Deposit-Taking Corporations, Except The Central Bank",Others,Financial Derivatives,Assets,Liabilities,Other Investment,Assets,"Deposit-Taking Corporations, Except The Central Bank",Official,Others,Liabilities,"Deposit-Taking Corporations, Except The Central Bank",Others,C Net Errors & Omissions,E Reserve Assets,Special Drawing Rights,Reserves Position In The IMF,Foreign Exchange Assets
2021 2Q,"21,668.70","25,642","36,711.50","163,230.50","126,519","6,537","65,549.60",80.7,"1,632","18,006.60","1,029.50","2,430.70",105.6,296.9,"10,769.10","5,978","2,684",404.7,"22,131.80","59,012.60","2,077.70",171.7,"17,512.10",903,"1,925.70",59.8,128.4,"2,540.70","6,551.90","6,189.10",187.9,"20,764.60","-15,083.50","35,976.10","51,059.60","-2,523","6,664.30","9,187.30","5,086.10","5,086.10","-26,025.90","15,316.10","41,342","26,076.50","30,284.90","13,348.10","13,255","3,681.80","4,208.40","4,216.60",-8.2,"4,939.20","3,870","-1,069.20",96.3,"3,374.10","-18,823.10","21,204.20",993,"3,277.80","-5,133.90","8,411.70","1,112.80","21,668.70",7.4,-28.2,"21,689.50"
2021 1Q,"32,229.60","24,423","31,055.90","154,084.40","123,028.50","5,145.30","64,304.50",64.8,"1,745.80","18,462.20","1,133.30","2,043.30",105.2,337.3,"11,251.50","5,479.30","2,859.70",384.1,"20,438","59,159.20","1,867",173.9,"17,932.10","1,040.50","1,936.60",89.1,120.1,"2,849.90","6,363.80","6,121",184.6,"20,480.60","-9,503.90","43,776.60","53,280.50","-2,274.30","6,519.50","8,793.80","-8,011.30","-8,011.30","-22,850","16,412.50","39,262.50","14,920.40","14,791.80","-5,746.40","10,673.80","9,864.40",-128.6,"-3,295.20","3,166.60","2,482.60","4,764.20","2,281.60","-2,564.30","16,772.80","-10,892.80","10,030.80","17,634.80","19,337.10","4,809","14,528.10",-204.7,"32,229.60",-2.7,-79.7,"32,312"
2020 4Q,"36,791.30","19,622.60","30,587.20","150,170.30","119,583.10","6,882.70","66,083.30",59.9,"1,528.50","18,142.90","1,044.40","2,357.20",104.5,330.2,"12,301.10","5,272.50","3,210.60",358.2,"21,373.30","59,200.60","1,745.10",181.6,"17,263.90",958.1,"1,915.60",76.8,119.1,"3,831.90","6,060.20","5,771.90",184.6,"21,091.80","-15,633","33,945.70","49,578.70","-2,214.30","6,298.10","8,512.40","-16,248.20","-16,248.20","-19,307.90","11,021.20","30,329.10","30,595.20","31,147.40","12,123.20","11,976.90","7,047.30",552.2,178.2,374,"5,562.10","3,775.20","-1,786.90","-33,097.60","-14,821.50","-24,273.50",11.7,"9,440.30","18,276.10","9,760.70","8,515.40",920.5,"36,791.30",-10.8,221,"36,581.10"
2020 3Q,"14,253.20","22,727.90","34,457.10","140,673.20","106,216.10","6,770","63,863.80",53.7,"1,700.10","18,039.30",914.1,"2,202.70",104.5,203.1,"11,025.60","5,327.90","2,810.90",335.4,"21,146.50","57,093.80","1,557.80",279.4,"17,893.40",724.8,"1,910.40",66.2,69.5,"2,417.90","6,024.80","5,919",175.3,"20,055.30","-15,897.60","32,969.40","48,867","-2,601.60","6,547.40","9,149","7,402.10","7,402.10","-15,809.50","11,191.40","27,000.90","24,179.80","19,586.10","-2,084","11,909.40","9,760.70","-4,593.70","-3,756.10",-837.6,"5,524","4,259","-1,265","-6,492.20","-34,313.50","-29,294.60",65.3,"-5,084.20","-27,821.30","-41,905.60","14,084.30","-1,072.60","14,253.20",2.7,-4.2,"14,254.70"
2020 2Q,"45,276.20","20,451.90","33,991.90","127,702.70","93,710.80","4,869.50","59,423.70",54.3,"1,604.40","16,920.30",886.1,"2,336.10",104.3,144,"9,954.40","5,345","2,619.20",289.6,"19,166","54,554.20","1,633.20",238.4,"16,744",644.2,"1,657.50",47.5,70.1,"2,384.70","5,948.60","5,718.90",156.5,"19,310.60","-15,702","31,818.10","47,520.10","-2,707.50","6,694.20","9,401.70","-24,268.40","-24,268.40","-21,789.40","13,270.20","35,059.60","11,189.30","9,680.30","-1,489.50","4,833.30","6,336.50","-1,509","-1,333.90",-175.1,"3,509",552.1,"-2,956.90","-17,177.30","-142,053.80","-111,677.60","-23,327.20","-7,049","-124,876.50","-115,143.30","-9,733.20",555.9,"45,276.20",-17.9,279.2,"45,014.90"
2020 1Q,"6,995.80","19,686.40","30,166.90","149,402","119,235.10","2,001.80","69,419.70",61,"2,594.30","20,192.40","4,315","2,298.40",105.5,439.2,"10,330","5,218.30","2,783.80",333.5,"20,748.30","67,417.90","1,819.10",263.1,"20,687.50","7,093.30","1,852.50",97.6,151.2,"2,565.40","6,031.40","5,836.10",174.8,"20,845.90","-10,106.70","38,381.80","48,488.50","-2,375.60","6,719.60","9,095.20","13,262.60","13,262.60","-19,075.10","9,187","28,262.10","5,064","10,325.10","-15,572.10","13,244.90","12,652.30","5,261.10","-1,117.80","6,378.90","4,499.50","10,322.60","5,823.10","22,774.20","285,747.40","285,375.50","19,907.30","-19,535.40","262,973.20","221,474.50","41,498.70",572,"6,995.80",66.7,40.2,"6,888.90"
2019 4Q,"3,530.80","17,270.40","32,049.60","154,984.20","122,934.60","3,661.60","76,655.70",64.6,"2,765.50","21,799","7,051.70","2,372.20",104.6,455.2,"11,239.80","5,459.10","2,754.70",356.5,"22,232.80","72,994.10","1,881",267.4,"22,068.30","9,860.30","1,972.10",87.7,164,"3,258.40","5,648.30","5,810.40",186.4,"21,789.80","-15,368.50","32,951.60","48,320.10","-3,072.30","6,278.50","9,350.80","14,549.50","14,549.50","-35,012.60","16,963.20","51,975.80","22,012.70","22,370.80","6,367.30","9,021.20","6,982.30",358.1,-199.5,557.6,"2,934.10","5,059.10","2,125","24,615.30","12,349.10","-27,711","25,727.10","14,333","-12,266.20","-20,999.50","8,733.30",809.9,"3,530.80",-11.9,-17.9,"3,560.60"
2019 3Q,"4,141.10","19,077.10","33,569","149,908.10","116,339.10","4,119.80","74,348.70",68.3,"2,600.20","21,162.20","7,243.60","2,148",104.7,427.8,"10,388.60","5,474.60","2,852.80",337.9,"21,540","70,228.90","1,847.10",323.8,"21,751.70","9,167.40","1,847.60",70.8,165.5,"2,321","5,705.40","5,876.40",177.9,"20,974.30","-15,794.70","38,524.20","54,318.90","-2,817","6,510.70","9,327.70","15,841.20","15,841.20","-28,342","16,671.10","45,013.10","30,641.10","28,118.20","2,039.60","11,750.40","14,328.20","-2,522.90","-2,650.60",127.7,"2,839.50","5,081.90","2,242.40","10,702.60","34,005","19,832","12,118.80","2,054.20","23,302.40","27,667.70","-4,365.30",905.2,"4,141.10",6.4,82.2,"4,052.50"
2019 2Q,"-32,021.50","19,445.10","36,254.60","153,877.10","117,622.50","1,979.50","73,464.90",64.3,"2,559.10","21,527.10","6,678.60","2,283",105.1,418.7,"10,327.90","5,157.50","2,820.80",322.2,"21,200.60","71,485.40","1,775.70",287.1,"22,823.50","9,422.20","1,880.90",56.8,150.3,"2,209.30","5,725.80","5,986",175.3,"20,992.50","-16,435.40","39,348.40","55,783.80","-2,353.60","6,681.50","9,035.10","50,498.80","50,498.80","-23,456.60","16,461.50","39,918.10","82,372.50","88,496.10","29,234.70","53,779.20","5,482.20","6,123.60","3,425.40","2,698.20","4,679.90","3,581.30","-1,098.60","-13,097","25,821.90","20,366.90","14,174","-8,719","38,918.90","20,468.50","18,450.40",-967.8,"-32,021.50",5.6,143.9,"-32,171"
2019 1Q,"12,906.80","17,051.70","30,234","143,301.50","113,067.50","2,501.80","71,808.10",60.7,"2,318.30","20,727.10","6,721.80","2,118.30",104.8,440.4,"10,114.50","5,047.60","3,154.40",334.9,"20,665.30","69,306.30","1,685.70",280.7,"21,492","8,824.30","1,851.90",100.3,163.5,"2,044.30","5,728.40","5,808.50",176.7,"21,150","-13,428.70","37,851.20","51,279.90","-2,255.40","6,611.40","8,866.80","3,381","3,381","-8,490.80","18,900.70","27,391.50","10,190.70","11,986.90","-4,260.70","7,917.90","8,329.70","1,796.20",-321.6,"2,117.80","2,439.70","1,280.90","-1,158.80",-758.6,"6,741","18,200.30","11,721.20","-23,180.50","7,499.60",404,"7,095.60",-763.9,"12,906.80",-8.2,-22.8,"12,937.80"
2018 4Q,"-3,909.60","19,750.80","37,992.10","157,102","119,109.90",316.2,"70,355.70",85.2,"2,476.60","21,096","6,485.30","2,234.40",103.2,405.1,"9,840.80","5,706.70","2,542.70",257.9,"19,121.80","70,039.50","1,843.20",262.2,"21,531.70","9,588.50","1,668.70",87.6,201.6,"2,917.20","5,114.10","5,699.70",169.8,"20,955.20","-16,064.60","35,998.30","52,062.90","-2,492.90","5,549.80","8,042.70","22,711.90","22,711.90","-14,421.50","6,686.10","21,107.60","22,420.80","21,304.50","7,499.40","9,943.50","3,861.60","-1,116.30",-916.4,-199.9,"8,043.50","2,484.60","-5,558.90","6,669.10","39,758.10","21,140.70","19,902.30","-1,284.90","33,089","22,233","10,856",-948.5,"-3,909.60",1.1,180.7,"-4,091.40"
2018 3Q,"6,221.70","22,626.10","36,385.70","160,572","124,186.30","3,206.90","70,533.30",101.3,"2,408.90","20,810.80","7,180.20","2,344.20",103.4,384.3,"9,658.80","5,696.50","2,835.90",251.1,"18,757.90","67,326.40","1,866.10",313.7,"21,115.90","8,767.80","1,714.40",66.3,176.2,"1,997.20","5,028","5,813.30",161.5,"20,306","-14,562.10","38,447","53,009.10","-2,404.40","5,984.60","8,389","17,496.90","17,496.90","-26,891.80","7,540.70","34,432.50","-8,399.20","-3,114.40","-12,526.40","11,430.50","-2,018.50","5,284.80",767.2,"4,517.60","8,060.40","2,764.20","-5,296.20","44,727.50","-33,143.90","-54,140.60","8,683.90","12,312.80","-77,871.40","-52,164.80","-25,706.60","1,092.50","6,221.70",-6.3,-13,"6,241"
2018 2Q,"7,779.70","19,506","33,898.20","157,101.20","123,203","2,845.70","69,449.80",98.7,"2,447.50","20,396.90","6,862","2,309.90",103.4,377.4,"9,392.70","5,477.20","3,351.70",239.5,"18,392.90","66,604.10","1,828.70",273.3,"20,942.50","8,964.80","1,652.40",51.3,171.9,"1,813.40","4,940.60","5,780.30",161.1,"20,023.80","-15,173.80","37,345.20","52,519","-2,064.10","5,758.70","7,822.80","10,826.60","10,826.60","-17,763.30","8,527.90","26,291.20","18,395","14,197.20","-5,449","10,802.90","8,843.30","-4,197.80",567.4,"-4,765.20","6,865.60","1,826.20","-5,039.40","3,329.30","73,558.70","64,534.50","15,857.30","-6,833.10","70,229.40","47,705.10","22,524.30",-899.7,"7,779.70",13.8,200.9,"7,565"
2018 1Q,"6,832.70","16,261.50","28,739.20","144,275.40","115,536.20","2,568.30","68,531",90.5,"2,718.20","20,288","7,019.10","2,143.20",103.5,397,"9,587.60","5,369.30","2,798.10",246.1,"17,770.40","65,962.70","1,783.10",268.9,"20,590.20","8,442.10","1,617",106.3,192.7,"2,124.40","4,760.40","5,691.30",162.5,"20,223.80","-12,955.30","34,954.60","47,909.90","-2,090.70","5,738.60","7,829.30","10,209.80","10,209.80","-23,304.80","6,967.20","30,272","33,732.50","14,777.70","-4,705.30","6,698.40","12,784.60","-18,954.80",-216.2,"-18,738.60","5,406.90",243.6,"-5,163.30","-5,624.80","69,307.70","49,954.20","15,859.50","3,494","74,932.50","49,378.20","25,554.30",781,"6,832.70",2.4,-4.8,"6,835.10"
2017 4Q,"5,583.50","18,920.80","35,451.10","152,086","116,634.90","-4,299.70","60,969.40",60.1,"2,315.10","17,447.20","6,573.70","1,890",102,275.5,"9,127.50","4,505.70","2,781.50",176.2,"15,714.90","65,269.10","2,153.20",191,"18,308.70","9,233.50","1,528.50",70.7,142,"2,043.70","5,186.80","5,545.90",153.2,"20,711.90","-10,374.20","34,076.90","44,451.10","-1,856.40","3,743.10","5,599.50","14,233.70","14,233.70","-21,127.50","14,915","36,042.50","7,452.90","17,333.40","8,139.30","8,345",849.1,"9,880.50","3,549.90","6,330.60","13,416.50","6,594","-6,822.50","14,491.80","32,161.30","13,185.60","17,546.90","1,428.80","17,669.50","33,533.80","-15,864.30",896.4,"5,583.50",-9.7,-196.8,"5,790"
2017 3Q,"11,200.70","23,144.90","35,344.10","144,167.90","108,823.80","-2,685.80","59,538.10",60.4,"2,070.20","16,741.60","7,035.40","1,703.40",102.2,260.1,"8,810.70","4,558.40","2,656.40",171,"15,368.30","62,223.90","1,926.40",230.4,"17,441.20","8,290.60","1,410.80",64,133.2,"1,936.20","5,184","5,584.40",146,"19,876.70","-7,640.70","35,856.10","43,496.80","-1,872.70","3,741.30","5,614","12,691.70","12,691.70","-16,410.90","26,075.10","42,486","4,628.90","11,162.20",-387.4,"9,296.50","2,253.10","6,533.30",889.9,"5,643.40",671.9,"-4,095.70","-4,767.60","23,801.80","50,239.30","28,664.80","20,337.20","1,237.30","26,437.50","31,625.70","-5,188.20",747.5,"11,200.70",5.2,-34.2,"11,229.70"
2017 2Q,"4,443.20","20,300.50","34,193.10","140,306.60","106,113.50","-3,175.40","58,820.50",63.1,"1,949.40","16,677.80","6,839.20","1,660.20",102.3,255.9,"8,525.20","4,631.90","2,854.10",161,"15,100.40","61,995.90","1,941.60",202.1,"17,451","8,746","1,403.90",48.6,120.1,"1,810.10","5,207.70","5,476.10",142.7,"19,446","-8,801.70","33,179","41,980.70","-1,915.50","3,430.90","5,346.40","16,607.90","16,607.90","10,536","28,458.40","17,922.40","16,898.30","23,683.10","13,502.40","8,998.30","1,182.40","6,784.80","4,148.90","2,635.90","-4,117","-1,282.30","2,834.70","-6,709.40","-1,052","-21,129.50","13,187","6,890.50","5,657.40","-21,427.40","27,084.80",750.6,"4,443.20",14,7.5,"4,421.70"
2017 1Q,"16,613.80","19,497.30","34,521.20","138,520.90","103,999.70","-3,996.80","56,750.40",59.6,"1,881.40","15,716.30","7,018.80","1,477",102.4,269.1,"8,221.10","4,780.90","2,480.20",166.1,"14,577.50","60,747.20","2,106.60",198.2,"17,113.40","8,251","1,205.50",110.1,124.6,"1,901","5,228.10","5,094.60",141,"19,273.10","-9,293.40","33,425.20","42,718.60","-1,733.70","3,297","5,030.70","3,754.40","3,754.40","-22,577.60","20,149.90","42,727.50","-1,756","4,869.80","1,358.20","7,304.10","-3,792.50","6,625.80","2,106.30","4,519.50","1,380.40","-2,688.70","-4,069.10","26,707.60","22,155.70","-1,538","17,470.60","6,223.10","-4,551.90","-9,591.40","5,039.50",870.9,"16,613.80",-32.6,-135,"16,781.40"
2016 4Q,"-3,926.70","17,085.70","30,604.90","138,900.60","108,295.70","-2,780.80","54,216.20",75.7,"2,291","14,746","6,389.10","1,461.20",100.9,331.1,"8,766.80","3,907.10","2,384.50",197.7,"13,565.10","56,997","1,845",218.2,"15,462.20","8,795.50","1,475",68.8,118.7,"1,706","4,373.90","5,786.80",144,"17,002.90","-8,220.10","27,375.40","35,595.50","-2,518.30","3,499.60","6,017.90","20,502.70","20,502.70","-10,103.40","20,048.10","30,151.50","10,221.70","11,153.10","1,660.70","6,931.80","2,560.60",931.4,"4,325.50","-3,394.10","3,670.60","1,762.50","-1,908.10","16,713.80","61,632.50","29,044.60","18,421","14,166.90","44,918.70","37,707.30","7,211.40",-509.7,"-3,926.70",26.4,22,"-3,975.10"
2016 3Q,"5,434.40","24,490.20","33,142.90","129,094","95,951.10",-618.2,"52,741.40",74.5,"2,080.80","14,296.20","7,142.50","1,448.60",101.2,340.7,"7,217.90","4,245","2,361.60",193.8,"13,238.60","53,359.60","1,925.50",256.6,"14,668.50","7,843.20","1,497.70",62.2,123,"1,529.20","4,395","5,264.80",135.8,"15,658.10","-5,596.90","28,736.30","34,333.20","-2,437.60","3,932.30","6,369.90","18,333.80","18,333.80","-4,774.50","12,920.40","17,694.90","-3,683.30","11,459.80","10,748.60","7,342.50","-6,631.30","15,143.10",606.6,"14,536.50","6,329.60","1,495.50","-4,834.10","20,462","32,267.10",-795.9,"27,756.80","5,306.20","11,805.10","-5,196.30","17,001.40",-722,"5,434.40",21.3,21.2,"5,391.90"
2016 2Q,"4,757.30","19,980.40","31,410.80","127,570.10","96,159.30","-1,957.90","52,864",67.1,"2,304.80","14,481.80","6,716.70","1,599.90",101.3,349.5,"7,020.20","4,262.60","2,694.80",180.6,"13,084.70","54,821.90","2,079.10",225.4,"15,203.20","8,455.50","1,499.40",73.4,129.6,"1,521.10","4,421.30","5,352.60",132.1,"15,729.20","-6,873.40","26,935.20","33,808.60","-2,599.10","3,448.80","6,047.90","15,914.20","15,914.20","-23,342.40","8,238.70","31,581.10","17,651.80","19,966.70","9,252.20","6,816.90","3,897.60","2,314.90","4,256.20","-1,941.30","6,852.60","3,765.20","-3,087.40","14,752.20","22,764.70","10,582.80","11,307.60",874.3,"8,012.50","-3,891.50","11,904",691.1,"4,757.30",-13.5,-21,"4,791.80"
2016 1Q,"-8,720.30","15,826.80","29,145.60","120,037.40","90,891.80","-3,699","50,065.30",67.5,"1,861.10","13,544.80","5,922.10","1,567",101.4,341.9,"7,057.60","4,358.30","2,270.90",180.3,"12,792.40","53,764.30","1,840.10",223.9,"14,550.10","8,014.50","1,560.40",105.9,142.8,"1,607.10","4,458.40","5,234.60",130.4,"15,896.10","-7,168.40","25,002.40","32,170.80","-2,451.40","3,847.20","6,298.60","23,866.30","23,866.30","-2,887.30","11,508.80","14,396.10","-4,219.90","-6,767.70","-35,971","5,146.10","24,057.20","-2,547.80","4,859.30","-7,407.10",-136.2,"2,187.20","2,323.40","31,109.70","8,056","-4,929.70","2,198.60","10,787.10","-23,053.70","-14,833.50","-8,220.20",-680.8,"-8,720.30",-305.4,566.9,"-8,981.80"
2015 4Q,-354.3,"20,336.20","32,954.10","136,183.70","103,229.60","-3,176.40","53,347.30",86.3,"2,442.40","15,387.10","5,597.10","1,356.60",98.8,306.2,"7,937.70","3,092.30","2,987.20",232.1,"13,823.50","56,523.70","2,078.80",213.5,"16,321.30","8,629.50","1,023.90",69.4,119.6,"1,593.50","3,761.10","6,747.10",174.7,"15,791.30","-7,495.90","24,941.10","32,437","-1,945.60","3,411.70","5,357.30","19,266.60","19,266.60","-8,566.70","13,592","22,158.70","34,597.10","32,051","11,701","6,340.30","14,009.70","-2,546.10","-2,268.60",-277.5,"4,141.50","1,970.40","-2,171.10","-10,905.30","-73,434.80","-68,404.80","2,365.50","-7,395.50","-62,529.50","-64,510.80","1,981.30","-1,423.90",-354.3,-32.9,-25.5,-295.9
2015 3Q,479.4,"21,771.60","30,153.90","136,164.10","106,010.20","-1,846","53,517.30",86.2,"2,382.20","16,371.90","6,213.80","1,310",99.1,298.8,"7,018","3,072.20","2,864.10",212.1,"13,588.90","55,363.30","2,075.80",255.8,"16,447.30","7,866.40","1,168.80",56.3,107.9,"1,568.30","3,718.90","6,803.30",170.2,"15,124.30","-4,629.70","27,493.80","32,123.50","-1,906.60","3,363.90","5,270.50","19,863.90","19,863.90","-12,027.30","13,811.50","25,838.80","16,740.20","15,549.30","4,368.30","8,910.40","2,270.60","-1,190.90",-506.9,-684,"-11,821.10","-8,542","3,279.10","26,972.10","101,514.60","90,296.60","4,940","6,278","74,542.50","73,658.50",884,"-1,428.30",479.4,95.1,58.9,325.4
2015 2Q,"2,686.50","16,634.20","30,151","137,023.60","106,872.60","-3,355.70","52,373.60",88.2,"2,315.40","16,108.50","5,392.70","1,325.80",99.5,290.3,"7,044","3,040.50","3,220",200.3,"13,248.40","55,729.30","2,122.10",229.1,"16,587","8,238.60","1,103.50",47.6,121.1,"1,450","3,717","6,808.10",170,"15,135.20","-8,272.70","23,886.40","32,159.10","-1,888.40","3,299.70","5,188.10","12,554.30","12,554.30","-5,181.10","20,159","25,340.10","22,926","20,023.70","-9,394.20","5,592.60","23,825.30","-2,902.30","-2,033.30",-869,"-6,385.50","-7,734.60","-1,349.10","1,194.90","-44,178.60","-39,735.40","3,309.80","-7,753","-45,373.50","-48,348.40","2,974.90","-1,393.40","2,686.50",1.4,-7.7,"2,692.80"
2015 1Q,"-1,310.90","20,412.50","34,008.90","135,365","101,356.10","-3,298.80","51,384.50",85.8,"2,175.20","16,229.60","5,641.90","1,320.30",99.6,276.9,"6,880","2,994","2,822.80",208.3,"12,650.10","54,683.30","2,064.50",230.9,"16,256","7,790.40","1,080.50",101.4,118.3,"1,582.20","3,735.20","6,313.50",170.3,"15,240.10","-8,494.50","22,223.40","30,717.90","-1,803.10","3,473.80","5,276.90","20,369.90","20,369.90","-7,978.70","14,611.50","22,590.20","10,496.80","8,563","-4,285.50","4,180.60","8,667.90","-1,933.80",-653.7,"-1,280.10","6,482.40","3,078.50","-3,403.90","11,369.40","52,614.90","39,943.80","4,064","8,607.10","41,245.50","37,860.50","3,385","-1,353.50","-1,310.90",-23.8,-257.3,"-1,029.80"
2014 4Q,110.5,"20,413.40","30,327.40","141,653.90","111,326.50","-4,122.30","50,234.30",107,"2,188.40","15,917.70","5,893.10","1,000.90",98.4,380.1,"8,291.50","2,611.60","1,120",214.8,"12,410.80","54,356.60","1,978.10",205.8,"14,641.80","8,283.60",832.9,67.5,124.6,"1,550.70","5,195.10","7,090.60",163.1,"14,222.80","-3,670","23,016.10","26,686.10","-2,121.70","2,840.80","4,962.50","20,252.90","20,252.90","-5,453","16,819.80","22,272.80",347.8,"2,844.30","-8,608.80","5,710.40","5,742.70","2,496.50","2,098.70",397.8,"-2,693.40",-215.5,"2,477.90","28,051.50","59,226.60","41,990","9,446.40","7,790.20","31,175.10","31,115.80",59.3,-50,110.5,25.6,-138.1,223
2014 3Q,"3,405.20","22,676","30,462.80","144,338.70","113,875.90","-2,976.80","48,936.20",106.3,"2,465","16,238.10","6,130.30","1,050.80",98.8,372.9,"6,457.10","2,534.50","1,247.30",196.6,"12,038.50","51,913","1,964.60",243.9,"14,385.70","7,616.90",848.2,57.1,127.5,"1,332.80","5,077.20","6,668.10",152.5,"13,438.50","-2,770.60","23,223.50","25,994.10","-2,039.40","3,110.50","5,149.90","18,466.20","18,466.20","-1,570.70","17,393.30","18,964",669.2,901,"-10,322.40","5,675.70","5,547.70",231.8,174.3,57.5,-353.7,"1,995.60","2,349.30","19,721.40","33,836.40","24,832.40","8,055.80",948.2,"14,115","4,680.50","9,434.50",-804.6,"3,405.20",-31.4,-46.4,"3,483"
2014 2Q,"4,654.50","15,753.20","26,630.10","146,206.50","119,576.40","-4,995.10","47,712.50",107,"2,192.60","16,239.80","5,853.50","1,107.60",99,356.7,"5,930","2,470.30","1,259.70",188,"11,908.30","52,707.60","1,978.70",215.7,"14,580.40","8,336.80","1,069.60",54.6,124,"1,219.40","4,994.10","6,412.10",155.7,"13,566.50","-3,902","22,435.90","26,337.90","-1,979.80","3,143.40","5,123.20","9,877.50","9,877.50",-346.8,"16,387.30","16,734.10","36,123.40","37,789.90","26,319.60","4,937.90","6,532.40","1,666.50","1,819.50",-153,-162.8,"2,612.60","2,775.40","-25,736.30","3,144.20","-5,420.80","3,008","5,557","28,880.50","14,751.90","14,128.60","-1,221.20","4,654.50",-14.1,-14,"4,682.60"
2014 1Q,447.6,"12,769.40","22,426.50","138,752.30","116,325.80","-4,240.20","47,960.20",104.1,"3,007.10","15,523.20","6,400.50","1,082.20",99.1,364.7,"5,985.90","2,478.20","1,326.50",202,"11,386.70","52,200.40","1,925.40",215.3,"14,214.40","8,131.40",858.7,115.9,121.5,"1,399.10","5,044.80","6,282.10",154,"13,737.80","-3,535.30","21,454.20","24,989.50","-1,881.60","3,336.40","5,218","11,322.80","11,322.80","-13,182.30","15,891.20","29,073.50","21,820.70","20,848.70","13,839","3,784.50","3,225.20",-972,"7,355","-8,327",-406.4,763.7,"1,170.10","3,090.80","-3,018.10","-11,009.10","1,519.20","6,471.80","-6,108.90","1,693.50","-7,802.40",-999,447.6,0.1,-14.1,461.6
2013 4Q,"7,677.70","16,047.40","26,409.40","145,339.20","118,929.80","-2,040.60","46,526.70",74.2,"2,870.30","15,142","5,856.40",926.9,98.2,562,"6,923.70","2,456.50","1,102.10",169.3,"10,345.10","48,567.30","1,702.30",198.2,"12,720.30","8,127.40","1,037.20",73.8,179.8,"1,381.70","2,926.40","7,177.60",148.2,"12,894.40","-6,289.40","20,912.70","27,202.10","-2,032","2,871.90","4,903.90","9,433.30","9,433.30","-6,260.10","13,027.40","19,287.50","42,557.70","40,310.30","17,924","3,735.10","18,651.20","-2,247.40",312.2,"-2,559.60","-2,639.40","-1,636.90","1,002.50","-24,224.90","35,311.20","26,863","4,187.60","4,260.60","59,536.10","57,339.20","2,196.90","1,063.60","7,677.70",17,35.5,"7,625.20"
2013 3Q,949.6,"15,555.50","24,100.80","148,262.80","124,162","-1,766.70","45,394.60",71.6,"3,087.50","14,993.60","6,397.40",836.1,97.9,540.5,"5,500.20","2,409.10","1,020.70",160.8,"10,279.20","47,161.30","1,643.30",233.5,"12,573.20","7,493.70","1,025.80",63.5,172.2,"1,098.60","2,949","7,696.60",146,"12,065.90","-4,757.30","21,683.80","26,441.10","-2,021.30","3,024.20","5,045.50","15,350.10","15,350.10","-2,001","20,717.90","22,718.90","14,824","16,164.20","-2,395.50","4,601.20","13,958.50","1,340.20","4,696.60","-3,356.40","-6,247.10","-5,331.80",915.3,"8,774.20","23,529.20","17,572","11,405","-5,447.80","14,755","5,813.10","8,941.90",744.2,949.6,15.5,56,878.1
2013 2Q,"5,385.60","17,628.80","26,020.10","145,807.20","119,787.10","-2,251.30","44,351.10",72.3,"2,486.50","14,746","5,902.30",887.6,97.3,515.7,"5,817.20","2,351.30","1,121.90",149.8,"10,203.20","46,602.40","1,660.40",206.4,"12,421","7,600.60","1,115.80",53.1,165.2,"1,123.10","2,975.70","7,017.80",145.5,"12,117.80","-4,201.40","22,323.30","26,524.70","-1,938.60","3,068.60","5,007.20","13,019.50","13,019.50","-4,192.60","11,846","16,038.60",94.7,"-2,838.60","-4,327.40","4,469.20","-2,980.40","-2,933.30",632.4,"-3,565.70","-2,642.60","-2,282.30",360.3,"19,760","46,591.50","29,242.50","13,807.10","3,541.90","26,831.50","22,772.40","4,059.10",776.3,"5,385.60",43.5,64.7,"5,277.40"
2013 1Q,"8,718","11,220.60","22,044.30","133,668","111,623.70","-3,557.80","41,446.90",65.1,"2,322.90","12,949.30","5,907.20",983.9,98.1,517.4,"5,370","2,335.40","1,027.80",156.6,"9,713.20","45,004.70","1,494.50",207.1,"11,566.20","7,318.60","1,078.50",96.6,162.6,"1,043.80","2,941.50","6,877.90",144.4,"12,073","-5,481.80","19,741.90","25,223.70","-1,784.10","3,584","5,368.10","2,381.60","2,381.60","-11,459.50","11,066.10","22,525.60","22,651.80","24,101.80","10,413.40","2,608","11,080.40","1,450","1,063.40",386.6,"-4,880.20","-3,953",927.2,"-3,930.50","17,040.70","7,103.30","7,630.60","2,306.80","20,971.20","22,817.40","-1,846.20",-121,"8,718",-19.4,24.8,"8,712.60"
2012 4Q,"13,542.40","15,268.60","21,536.30","136,472.80","114,936.50",283.9,"42,820.80",62,"2,176.30","14,001.40","6,087.50",749.6,96.2,499.3,"5,812.30","2,038.70",943,158.4,"10,196.10","42,536.90","1,329.30",196.3,"11,267.20","7,876",781.7,70.4,174.4,"1,104.20","2,349.40","7,072.50",142.2,"10,173.30","-4,489.40","20,375.90","24,865.30","-2,062.20","2,281","4,343.20","1,393.70","1,393.70","-13,807","8,340.70","22,147.70","29,541.60","31,412.40","18,949","3,263.10","9,200.30","1,870.80",608.9,"1,261.90","-3,184.40","-11,265.40","-8,081","-11,156.50","14,099","-1,079.50","8,700.90","6,477.60","25,255.50","15,439.50","9,816",-332.5,"13,542.40",-0.1,-6.9,"13,549.40"
2012 3Q,"7,849.30","16,931.20","25,133.10","137,657.10","112,524","-1,859.20","39,355.90",61,"2,118.10","13,909.60","5,677.80",832.8,96,487.9,"4,935.40","2,096.30",843.5,159.4,"8,138.10","41,215.10","1,306.50",231.8,"11,172.40","7,034.10",863.1,60.7,159.2,982.7,"2,382","7,370.90",137.3,"9,514.40","-4,286.30","19,831.10","24,117.40","-2,056.40","2,582.20","4,638.60","8,367.50","8,367.50","-10,603","5,205.70","15,808.70","26,415.50","28,388.60","8,010.10","3,929.70","16,448.80","1,973.10","-7,873.80","9,846.90","-6,155.90","-12,720.50","-6,564.60","-1,289.10","-3,238.30","-11,726.80","5,408.50","3,080","-1,949.20","-5,220.30","3,271.10",-714.4,"7,849.30",-37,-10.1,"7,896.40"
2012 2Q,"4,842.50","16,467.90","23,700.50","145,181.70","121,481.20","-1,566.30","40,046",64.3,"2,382.90","14,063.20","5,598.70",855.8,95.6,468.8,"5,119.50","2,127.40",881.9,137.1,"8,250.80","41,612.30","1,378.40",205.6,"11,102.60","7,240.10",895.1,43.9,161.9,987.2,"2,396.80","7,421.80",137.8,"9,641.10","-3,885.60","20,737.30","24,622.90","-1,780.70","2,818.50","4,599.20","11,322","11,322","-17,063.60","4,931.10","21,994.70","18,998.30","19,035.50","2,744.10","4,036.50","12,254.90",37.2,"1,932.20","-1,895","-3,818.90","-15,305","-11,486.10","13,206.20","35,241.60","24,292","3,610.20","7,339.40","22,035.40","25,629.90","-3,594.50",-303.4,"4,842.50",-12.3,54.5,"4,800.30"
2012 1Q,"6,371.70","16,395.50","23,297.30","144,363.10","121,065.80","-1,186.30","39,546.50",62.3,"2,375.80","13,612.10","6,123.30",958.4,95,466.3,"4,827.40","2,140.80",846.2,143.7,"7,895.20","40,732.80","1,335",203.3,"10,966.20","6,765.60",958.4,81.8,153.3,960.1,"2,387.70","7,009.30",140.6,"9,771.50","-3,737.10","20,078.90","23,816","-1,978.40","2,951.10","4,929.50","9,322.70","9,322.70","-2,053.10","7,116.40","9,169.50","23,631.10","25,302","8,422.50","2,700.60","14,178.90","1,670.90",518.1,"1,152.80","-8,594.10","-11,040.50","-2,446.40","-3,661.20","-24,378","-27,919","1,570.90","1,970.10","-20,716.80","-28,650.80","7,934",-701.1,"6,371.70",-42.4,-2.4,"6,416.50"
2011 4Q,-300.5,"16,590.20","23,507.10","144,287.90","120,780.80",-442.7,"37,624.40",65.1,"2,482.30","13,175.10","5,692.30",679.7,93,526.3,"4,705.80","1,578.30",805.8,146.1,"7,674.60","38,067.10","1,121.10",204.3,"10,569","7,266.10",768.1,64.6,178.1,923.2,"1,830","6,510.50",147.1,"8,485","-4,653","19,568.30","24,221.30","-1,821.20","2,049.80","3,871","18,032.50","18,032.50","-9,266.70","8,710","17,976.70","-5,439.30","-7,044.10","-14,017.40","2,886.90","4,086.40","-1,604.80","-1,274.90",-329.9,"3,823.20","8,372.90","4,549.70","28,915.30","-23,177.40","-17,111","3,607.60","-9,674","-52,092.70","-36,855.30","-15,237.40","1,141.80",-300.5,-28.2,27.5,-299.8
2011 3Q,"10,087.40","22,049.40","24,956","143,571.90","118,615.90","1,440.30","38,212.70",64.7,"2,632","13,289.10","6,028.60",786.9,92.8,498.2,"4,809.90","1,510.10",796.3,149.2,"7,554.90","36,772.40","1,115.50",241.5,"10,461.70","6,576.70",829.1,50.7,167.5,"1,023.90","1,800.50","6,419.10",143.4,"7,942.80","-2,646.20","21,370.70","24,016.90","-1,700.70","2,392.40","4,093.10","11,390.60","11,390.60","-8,212.60","9,481.30","17,693.90","16,395.50","12,193.20","7,945.70","3,686.30",561.2,"-4,202.30",-516,"-3,686.30","6,821.10","13,796.70","6,975.60","-3,613.40","64,770.80","59,653.80","7,305.30","-2,188.30","68,384.20","81,292.20","-12,908",-571.4,"10,087.40",76.3,142.1,"9,869"
2011 2Q,"5,465.50","19,512.50","22,012","139,523.80","117,511.80",762.4,"37,653.70",64.7,"2,068.80","14,177.10","5,414.70",752.7,91.8,458.7,"4,829.70","1,544.70",786.8,128,"7,336","36,891.30","1,114.40",213.1,"10,636.10","6,844.30",819.7,49.3,161.6,974.3,"1,778.40","6,287.40",142.2,"7,870.50","-1,705.70","21,779.70","23,485.40","-1,556.20","2,345.20","3,901.40","13,716.30","13,716.30","-2,835.70","10,937.40","13,773.10","-7,985.70","-8,453.70","-11,671.70","3,759.70",-541.7,-468,-855.7,387.7,"6,539.50","12,759.30","6,219.80","17,998.20","28,866.80","21,305.50","4,303","3,258.30","10,868.60","3,201.10","7,667.50",-330.7,"5,465.50",-27.4,-46.4,"5,539.30"
2011 1Q,"6,235.30","19,916.40","24,552.40","137,031.70","112,479.30",38.2,"36,522.20",65.9,"2,159.80","12,881.70","5,415.60",816.1,91.3,457.8,"4,783.20","1,606.80",956.5,133.5,"7,154","36,484","1,135.90",213.4,"10,122.60","6,254.50",901.7,96.2,154.2,993.7,"1,777.20","6,373.90",144.3,"8,316.40","-3,068.60","19,988.60","23,057.20","-1,605.60","2,480.60","4,086.20","13,529","13,529","-1,388.50","10,994.60","12,383.10","9,613.90","8,542.10","3,996.70","2,402.90","2,142.50","-1,071.80",-225.5,-846.3,"4,296.90","9,211.70","4,914.80","1,006.70","28,417.30","9,630","18,656.70",130.6,"27,410.60","11,848.20","15,562.40",-152.1,"6,235.30",-257.8,361.4,"6,131.70"
2010 4Q,"16,476.90","21,454.30","24,117.50","131,576.90","107,459.40",821.4,"35,958.60",71.3,"1,994.30","13,917.70","5,354.40",731.5,90.6,363.4,"4,724.10","1,241.20",649.5,111.8,"6,708.80","35,137.20","1,109",212.6,"10,455","6,922.90",707,74.6,177.6,862.6,"1,155.90","5,720.60",144.9,"7,594.50","-1,505.10","21,412.10","22,917.20","-1,979.50","1,635.10","3,614.60","5,207.10","5,207.10","-11,107.80","11,428.90","22,536.70","10,294.90","10,686.20","1,474.60","3,094.20","6,117.40",391.3,-347.9,739.2,"-1,315.70","3,639.10","4,954.80","7,335.70","11,838.80","-12,772.90","5,402.50","19,209.20","4,503.10","-8,979.80","13,482.90",229.7,"16,476.90",-63,76.7,"16,463.20"
2010 3Q,"6,271.90","21,047","23,478.30","133,113.10","109,634.80",614.8,"34,623.20",71.2,"2,007.60","13,398.90","5,390.10",819.2,90.3,353.1,"3,938.90","1,216.60",648.8,110.7,"6,577.80","34,008.40","1,107.60",248.9,"10,055.60","6,195.80",813.3,56.7,172.3,890.9,"1,134.70","5,714",143.5,"7,475.10","-1,142.50","21,380.30","22,522.80","-1,903.60","1,785.50","3,689.10","17,109.90","17,109.90","-7,386","12,332.70","19,718.70","19,734.40","23,374.40","9,921.70","3,448.70","10,004","3,640",-250.6,"3,890.60","-2,469.30","1,052.40","3,521.70","7,230.80","30,092.10","5,507.90","10,702.90","13,881.30","22,861.30","6,194.70","16,666.60","2,334.80","6,271.90",0.2,-3.1,"6,274.80"
2010 2Q,"13,686.60","16,933.50","21,442.40","128,234","106,791.60","-1,121.40","34,072.40",80.6,"2,359.10","12,787.80","4,763.30",926.1,89.8,347.4,"4,005.20","1,200.10",733.7,110,"6,669.30","35,193.80","1,252.70",202.4,"10,057","6,424.60",873.7,41.5,169.5,832.9,"1,113.10","6,462.40",142.6,"7,621.40","-1,554.50","21,754.50","23,309","-1,833","1,952.40","3,785.40","4,960.40","4,960.40","-6,176.80","12,620.80","18,797.60","-1,013.90","2,223.10","-10,081.90","3,653.80","8,651.20","3,237",-549,"3,786","-1,905.30",469.6,"2,374.90","14,056.40","32,705.50","8,410.40","2,004.70","22,290.40","18,649.10","12,939.90","5,709.20","1,713.50","13,686.60",-55.8,-9.4,"13,751.80"
2010 1Q,"21,045.10","15,552.70","17,183.10","117,620.90","100,437.80",-499.9,"32,218.10",66.4,"2,287.40","12,502.20","3,823.40",840.9,89.2,342.6,"3,985","1,173.30",604.2,100.8,"6,402.70","32,718","1,031.70",210.2,"9,735.40","5,954",846.3,88.5,167.2,907.4,"1,083.50","5,322.60",130.5,"7,240.70",669.2,"22,061.70","21,392.50","-1,799.70","1,801.50","3,601.20","-3,708.10","-3,708.10","-2,484","11,895.60","14,379.60","12,539.60","14,765.90","7,958.50","3,714.20","3,093.20","2,226.30",264.1,"1,962.20",697.4,988.1,290.7,"-14,461.10","17,857.40","11,046.50","1,412","5,398.90","32,318.50","24,588.10","7,730.40","1,784.30","21,045.10",-116.8,-18.7,"21,180.60"
2009 4Q,"11,981.80","11,352.90","19,317.30","115,831.40","96,514.10",-954.8,"31,553.30",82.1,"2,198.20","11,675.20","3,693.50",595.7,87.5,427.6,"4,497.60","1,016.20",528.9,101.9,"6,648.90","32,508.10",831.4,236.1,"9,843.60","6,409.10",690.2,62.1,157.2,803.7,937.7,"4,968.70",113.9,"7,454.40","-5,606.90","16,700.70","22,307.60","-1,402.70","1,741.50","3,144.20",-430,-430,231.3,"12,524.50","12,293.20","2,689.60","3,673.10","3,089.10","2,444.90","-1,860.90",983.5,-422,"1,405.50","3,880.90","-7,990.60","-11,871.50","-7,231.80","-2,244.90","-28,568.50","12,702.70","13,620.90","4,986.90","-10,243.80","15,230.70",198.9,"11,981.80",0.6,0.3,"11,980.90"
2009 3Q,"7,020.80","10,355.10","18,954.40","111,894.70","92,940.30","-1,947.30","29,423.30",90.8,"2,215.90","10,784.80","3,180",560,87.5,388.1,"3,880.40",967.7,584,101,"6,583.10","31,370.60",917.9,276.6,"9,022.20","5,623.90",603.1,95.6,142.8,802.4,886.4,"5,485.30",113.1,"7,401.30","-5,338.90","17,139.10","22,478","-1,313.10","1,623.20","2,936.30","4,284.50","4,284.50","6,283.10","13,312.60","7,029.50","8,343.90","9,548.90","13,885.60","2,745.60","-7,082.30","1,205",-145.7,"1,350.70","6,630.50","-8,372.30","-15,002.80","-16,973","-36,150.20","-53,681.20","7,802.30","9,728.70","-19,177.20","-29,252.50","10,075.30",950.2,"7,020.80","1,669.90",61.3,"5,289.60"
2009 2Q,"1,031.10","11,943.30","17,516.70","100,604.10","83,087.40",-990.8,"28,409.40",80.4,"2,284.10","10,232.40","3,249.80",531.1,87.2,362.4,"3,775.50",918.2,517.1,97.9,"6,273.30","29,400.20",812.7,236.1,"8,507.70","5,617.40",539.5,48.9,133.4,696.5,834.5,"4,856.50",109.5,"7,007.50","-3,265","17,960.60","21,225.60","-1,317.60","1,524.80","2,842.40","12,054.10","12,054.10","3,912.90","11,917.20","8,004.30","27,948.30","29,198.20","32,872.10","4,197.70","-7,871.60","1,249.90",-57.6,"1,307.50","6,234.40","-8,569.10","-14,803.50","-26,041.50","-47,463","-52,815.20",2.4,"5,349.80","-21,421.50","-23,357.50","1,936","1,141.90","1,031.10",-12.7,61.6,982.2
2009 1Q,"-3,577.50","12,641.80","13,864.60","92,773.40","78,908.80",594.3,"28,446",70.1,"2,429.90","10,673.30","3,294.40",523.4,87.6,366.5,"3,460.70",902,450.8,97.2,"6,090.10","27,851.70",708.7,242.2,"8,386.40","5,190.50",473.6,113.4,134.8,676.1,817.7,"4,235.30",108.8,"6,764.20",-436.9,"19,532.70","19,969.60","-1,380.20","1,425.80","2,806","17,358.60","17,358.60","2,086.70","8,847.80","6,761.10",510.6,"-1,207",-459.6,"4,539.90","-5,287.30","-1,717.60",-969.8,-747.8,"3,845.80","-2,998.40","-6,844.20","10,915.50","-14,143.70","-13,087.10","1,914.60","-2,971.20","-25,059.20","-24,760.40",-298.8,"1,139.30","-3,577.50",3.4,-3.5,"-3,577.40"
2008 4Q,"4,416.70","6,745.90","10,195.80","109,086.30","98,890.50",-886.1,"30,598",107.5,"2,223.90","12,270.20","4,026.90",439.2,87.6,432.2,"3,168.80",959.2,408.3,117.7,"6,356.50","31,484.10",608,189.3,"9,974.60","6,217.60",587.1,73.5,138.6,773.4,891.4,"4,578",133.5,"7,319.10","-1,248.40","17,584.10","18,832.50","-1,315.40","1,246.90","2,562.30","1,414.40","1,414.40","-1,099","3,846.30","4,945.30","-26,653.10","-31,063.40","-36,568","6,003.10",-498.5,"-4,410.30",-629.2,"-3,781.10",792.9,"7,810.60","7,017.70","28,373.60","-44,495.10","-28,571.90",13.4,"-15,936.60","-72,868.70","-72,834.20",-34.5,-914.8,"4,416.70",38.4,116.5,"4,261.80"
2008 3Q,"-2,141.20","10,913.60","15,237.70","136,062","120,824.30",72,"32,282.30",113.1,"2,265.80","13,140.40","3,714.90",453.5,87.6,404.7,"4,063.30",952,429.6,117.1,"6,540.30","32,210.30",639.5,207.3,"10,730.70","5,514.20",634.4,61.8,129.6,910.6,883.3,"4,815.40",132.4,"7,551.10","-2,960.10","16,744.10","19,704.20","-1,436","1,326.20","2,762.20","12,395","12,395","-1,451.50",-89.5,"1,362","-10,294.60","-16,366.60","-16,447.80","3,994.90","-3,913.70","-6,072",-211.3,"-5,860.70","-1,701.20","12,263","13,964.20","25,842.30","77,323.10","72,112.30",46.6,"5,164.20","51,480.80","55,184.90","-3,704.10",-659.8,"-2,141.20",5.2,-6.1,"-2,140.30"
2008 2Q,"4,290.60","11,362.90","15,572.80","130,701.60","115,128.80",-981.7,"31,133.40",108.3,"1,542.70","12,773.30","3,616.30",541.8,87.1,355.2,"4,233.40",905.7,411.3,116.1,"6,442.20","32,115.10",612.2,181.1,"10,651.10","5,897.40",682.1,62.8,113.6,924.6,831.8,"4,609.50",131.3,"7,417.60","-1,952.90","17,693.20","19,646.10","-1,275.30","1,562.20","2,837.50","5,869","5,869","-6,134.90",435.4,"6,570.30",-18.6,"-7,128.10","-9,529.90","5,106.80","-2,705","-7,109.50","-1,339.80","-5,769.70","-2,348.20","11,900.60","14,248.80","14,370.70","-40,736.20","-39,210.50","1,334.40","-2,860.10","-55,106.90","-52,921.20","-2,185.70","-1,203.30","4,290.60",-7.8,20.3,"4,278.10"
2008 1Q,"11,965","12,297.40","17,564.30","125,304.30","107,740",-176.2,"32,141.30",123.2,"2,322.20","12,924.90","3,660",507.5,85.8,340.1,"4,254.10",858.8,467.9,114.2,"6,482.60","32,317.50",696.6,179.3,"10,455.60","5,489.90",647.4,121,108.8,957.5,779.2,"5,245.10",128.9,"7,508.20","-3,915.50","18,018.60","21,934.10","-1,175.20","1,587.20","2,762.40","-1,010.10","-1,010.10",714.2,"7,076.30","6,362.10","20,585.90","17,458.10","11,789.90","4,445.90","1,222.30","-3,127.80",-757.6,"-2,370.20","-2,304.10","7,223.70","9,527.80","-20,006.10","52,286.90","45,121.90","9,186.60","-2,021.60","72,293","68,045","4,248","-1,342.50","11,965",4.3,-3.6,"11,964.30"
2007 4Q,"12,614.90","13,200.90","17,473.90","122,020.70","104,546.80",-436.6,"29,643.50",125.7,"1,564.30","11,691.70","3,757.30",426.9,82.5,312.7,"4,545.80",755.9,336.5,50.9,"5,993.30","30,080.10",398.8,131,"10,795.90","5,708.90",574.8,65.1,93.7,"1,008.30",751,"3,774",45.1,"6,733.50","-2,639.50","21,989.30","24,628.80","-1,196.90","1,349","2,545.90",228.2,228.2,"-2,408.90","11,924.20","14,333.10","23,490.80","25,419.30","16,115.20","3,369.10","5,935","1,928.50",-843.9,"2,772.40",226.6,"4,354.30","4,127.70","-21,080.30","62,442.20","41,715.90","12,015.70","8,710.60","83,522.50","72,343.90","11,178.60",-357.8,"12,614.90",-5.4,-6.8,"12,627.10"
2007 3Q,"6,031.40","21,181.30","25,359.80","121,526.90","96,167.10",-197,"28,499.30",132.6,"1,705.30","11,147.80","3,562",363.7,81.9,287.2,"4,151.50",722.2,354.8,51,"5,939.30","28,696.30",420.6,153.8,"10,166.60","4,957.40",544.3,67.2,86.1,854.7,711.1,"3,980.10",44.9,"6,709.50","-2,888.20","22,852","25,740.20","-1,093.30","1,276.20","2,369.50","14,344.90","14,344.90",-285.7,"17,989.40","18,275.10","9,110.50","16,609.20","1,592.20","4,684.80","10,332.20","7,498.70","-1,452.80","8,951.50",-488.1,720.4,"1,208.50","6,008.20","68,946","46,926.50","7,682.60","14,336.90","62,937.80","57,787","5,150.80",-805,"6,031.40",8.9,-2.6,"6,025.10"
2007 2Q,"9,136","18,442.80","21,424.50","114,896.90","93,472.40",-754.4,"27,107.80",119.7,"1,887.10","10,408.60","3,372.30",365.2,80.9,257.9,"3,820.80",693.3,320.3,50,"5,731.70","27,862.20",379.6,130.9,"9,940.50","5,142.30",543.3,62.4,77.3,840.5,678.8,"3,592",44.2,"6,430.40","-1,301.10","23,315.80","24,616.90",-926.2,"1,286.10","2,212.30","9,120.20","9,120.20","-2,309.80","18,216.90","20,526.70","25,034.20","35,382","19,867.70","4,583.50","10,930.80","10,347.80",577.6,"9,770.20",-63.6,15.9,79.5,"-13,540.60","47,364.20","11,399.60","21,366.90","14,597.70","60,904.80","49,939.90","10,964.90",-186.6,"9,136",12.1,-47.9,"9,171.80"
2007 1Q,"1,515.30","21,194.20","23,358.40","111,003.20","87,644.80",-955.2,"25,546",114.6,"1,448.90","10,394.70","2,971.90",414.3,80.1,279.3,"3,305.60",658.8,306.6,49.8,"5,521.40","26,501.20",363.4,130.7,"9,551","4,542.30",551.4,85.6,83.7,761.9,646,"3,439.20",43.8,"6,302.20",-344.6,"21,215.90","21,560.50",-864.4,"1,384.50","2,248.90","19,133","19,133","-4,725","13,483.20","18,208.20","13,875.60","21,941.70","11,879.10","3,332.90","6,729.70","8,066.10",-748.4,"8,814.50","1,290.50","2,328.50","1,038","8,691.90","52,207.50","41,581.20","6,042.10","4,584.20","43,515.60","33,534.80","9,980.80",-545.9,"1,515.30",0.8,-14.3,"1,528.80"
2006 4Q,"9,486.60","17,670.50","23,144.80","113,064.90","89,920.10","-2,385.50","24,809.10",146.4,"1,571.50","9,330.90","3,276.20",303.9,80.1,235.9,"3,156.10",658.8,297,32.5,"5,719.80","27,194.60",332.5,113.6,"9,382.90","4,860.10",506.9,65.4,67.8,590.4,654.1,"4,249.50",42.2,"6,329.20","-2,359.70","17,069.90","19,429.60",-729.1,"1,176.50","1,905.60","5,467.50","5,467.50","-9,972.70","9,793.60","19,766.30","10,830.70","16,264.80","7,888.20","2,757.30","5,619.30","5,434.10",-16.4,"5,450.50","1,865.10","3,295.70","1,430.60","2,744.40","11,207.20","-6,048.20","9,165.30","8,090.10","8,462.80","4,669.60","3,793.20","-2,716.40","9,486.60",0.7,-39.2,"9,525.10"
2006 3Q,"4,005.80","15,295.40","20,307.30","115,852.10","95,544.80","-2,785","23,339.40",136.4,"1,496.10","9,058.30","3,025.90",292,80.1,224.4,"2,541.10",627.8,276.7,32.6,"5,548","26,124.40",309.7,130.4,"9,402.80","4,359.20",484.5,61.1,64.6,564.7,617.1,"3,957.90",42,"6,130.40","-1,583.90","17,052.70","18,636.60",-643,"1,112.30","1,755.30","9,317.30","9,317.30","-3,127.20","8,451","11,578.20","3,851.50","8,421.10","2,520.30","3,001.90","2,898.90","4,569.60","1,354.30","3,215.30","2,780.10","4,320.30","1,540.20","5,812.90","10,418.30","9,655.80","1,255.10",-492.6,"4,605.40","8,571.70","-3,966.30","-1,972.30","4,005.80",7.3,3.2,"3,995.30"
2006 2Q,"5,115.50","15,294.50","19,680.20","110,696.90","91,016.70","-2,936.80","22,536.50",128.1,"1,420.40","8,580.30","2,970.20",354.5,80,198.6,"2,596.70",604.9,259.9,32.4,"5,310.50","25,473.30",290.9,114.1,"9,095.90","4,519.50",517,92.6,57.2,576.4,595.4,"3,717.30",41.4,"5,855.60",-848.2,"17,073.60","17,921.80",-600.7,"1,317.20","1,917.90","7,658.60","7,658.60","-9,342.70","6,921.90","16,264.60","8,168.70","10,837","5,591.40","3,452.90","1,792.70","2,668.30",747,"1,921.30","2,918.70","4,622.30","1,703.60","5,913.90","49,625.40","41,344.90","6,184.80","2,095.70","43,711.50","49,143.40","-5,431.90","-2,520.40","5,115.50",8.3,7.9,"5,099.30"
2006 1Q,"8,387.80","15,250.70","20,012.80","106,242.20","86,229.40","-2,509.10","21,989.80",123.8,"1,213","8,907.60","2,701.20",303.7,80,222.6,"2,419.20",588.1,251.2,32.3,"5,147.10","24,498.90",281.1,113.3,"8,821.80","4,165.20",464,90.6,63.9,554.4,582.4,"3,592.10",41.3,"5,728.80","-1,613.30","15,847.40","17,460.70",-639.7,"1,141.70","1,781.40","4,342.20","4,342.20","-7,852.40","6,712.40","14,564.80","2,866.20","8,848.80","5,314.80","2,379.40","1,154.60","5,982.60","1,182.20","4,800.40","1,639.70","3,269.20","1,629.50","7,688.70","-19,883.50","-26,611.70",334.1,"6,394.10","-27,572.20","-37,611.90","10,039.70","-2,520.70","8,387.80",-6,-62.9,"8,456.70"
2005 4Q,"4,347.40","14,173.80","23,069.80","112,583.80","89,514","-4,275.90","20,376.70",89,"1,256.40","8,628.20","2,896.20",285.5,76.5,236.2,"2,199.60",443.7,305.9,30.4,"3,929.10","24,652.60",322.5,73,"9,046.80","4,455.70",556.5,64.1,87.2,416.7,480.4,"4,468.30",47,"4,634.40","-4,093.10","12,658.80","16,751.90",-527,"1,312.20","1,839.20","9,412.50","9,412.50","-2,336.60","6,255.70","8,592.30","-3,181.10",-922.2,"-2,969.90","2,194",-146.3,"2,258.90",-253.8,"2,512.70",na,na,na,"14,930.20","47,923.70","40,743.20",37.2,"7,143.30","32,993.50","31,823.70","1,169.80",-413.9,"4,347.40",-5.2,-216.3,"4,568.90"
2005 3Q,"1,290.40","14,788.20","21,737.30","105,195.60","83,458.30","-3,453.60","19,611.70",81.6,"1,295.80","8,306.20","2,645.80",219.3,76.7,221.7,"2,161.60",441.4,280.4,30.4,"3,850.80","23,065.30",295.5,92.4,"8,504.20","4,038",460.7,74.5,81.8,392,479.5,"4,094.30",46.9,"4,505.50","-2,947.40","13,041.40","15,988.80",-548.1,"1,021.60","1,569.70","11,902.80","11,902.80","-2,828.30","5,165.70","7,994","-2,379.60","1,737.20",795.3,"2,823.80","-1,881.90","4,116.80",352.7,"3,764.10",na,na,na,"17,110.70","46,223.80","38,775.30","3,527.90","3,920.60","29,113.10","29,647.50",-534.4,"-1,595","1,290.40",7.4,-48.5,"1,331.50"
2005 2Q,"9,980.80","11,455.10","18,580.20","96,395.90","77,815.70","-4,299.20","18,385.70",75.5,"1,151.60","7,837.50","2,500.10",315.9,76.7,209.7,"1,777.60",436.4,259.4,29.4,"3,715.90","22,684.90",273.3,76.7,"8,321.80","4,283.20",569.5,52.3,77.3,373.5,476.7,"3,785.70",45.3,"4,349.60","-2,374.20","12,948","15,322.20",-451.7,"1,494.40","1,946.10","1,030.50","1,030.50","-3,380.70","4,604.10","7,984.80",105.8,-112.6,"-1,983.30","2,884.20","-1,013.50",-218.4,"-1,981","1,762.60",na,na,na,"4,305.40","27,601.90","11,457.60","6,233.10","9,911.20","23,296.50","20,889","2,407.50",-443.8,"9,980.80",-1.6,-104.3,"10,086.70"
2005 1Q,"4,778.10","9,063.30","15,916.30","88,886.30","72,970","-3,694.50","17,530.70",68.9,"1,093.90","7,663.20","2,292.40",317.3,76.7,233.7,"1,523.90",420.8,236.6,29.2,"3,574.10","21,225.20",249.4,72.3,"7,757.70","3,984.10",500.8,107,86.3,342.3,459.4,"3,454.60",45.2,"4,166.10","-2,621.10","11,938","14,559.10",-537.4,"1,399.60","1,937","3,620.30","3,620.30","-2,711.60","4,866.90","7,578.50","6,997.30","11,418.10","9,614.50","2,203",-399.4,"4,420.80","2,649.90","1,770.90",na,na,na,-665.4,"-13,631.80","-18,069.90",230.6,"4,207.50","-12,966.40","-22,228.30","9,261.90",-664.9,"4,778.10",1.8,-52.1,"4,828.40"
2004 4Q,"8,690.70","10,331.30","18,743.30","92,518.80","73,775.50","-4,463","17,908.30",95.5,"1,021.20","7,667.80","2,545.80",223.9,71,275.1,"1,695.90",470.1,201,30.8,"3,610.20","22,371.30",232.2,53.5,"7,990.80","4,233.70",478,70.2,143.6,364.4,442.2,"3,682.80",50.1,"4,629.80","-3,448.90","9,573.80","13,022.70",-500.1,"1,239.50","1,739.60","2,054.30","2,054.30","-4,092","5,784.80","9,876.80","-4,833.60","-3,070.90","-4,738.30","1,918.50",-251.1,"1,762.70",-100.3,"1,863",na,na,na,"10,979.90","33,915.90","25,761.80","6,108.20","2,045.90","22,936","20,781.60","2,154.40",413.7,"8,690.70",13.3,-8.7,"8,686.10"
2004 3Q,818.9,"11,099.90","18,582.90","92,357.40","73,774.50","-4,156.40","16,896.30",88.2,855.6,"7,324.40","2,282.60",223.6,71.2,271.4,"1,565.70",470.7,185.7,30.5,"3,526.70","21,052.70",214.3,66.6,"7,595.10","3,773",507.3,49.1,141.8,333.9,446.2,"3,399.20",50,"4,476.20","-2,832.20","9,609.90","12,442.10",-494.4,"1,190.10","1,684.50","8,311.80","8,311.80",-440.7,"5,612.20","6,052.90","3,966.30","5,682.10","4,064","2,080.20",-462.1,"1,715.80","1,086",629.8,na,na,na,"4,786.20","5,747.50",-650.5,7.8,"6,390.20",961.3,-697.1,"1,658.40","-1,969.20",818.9,6.4,15.3,797.2
2004 2Q,304.3,"8,455.20","16,006","85,742.40","69,736.40","-4,597.80","16,301.50",87.6,869.1,"6,816.50","2,150.10",284.8,71.2,257.9,"1,631.50",428.5,184.3,29.8,"3,490.20","20,899.30",212.8,59.5,"7,397","4,012.50",562,59.4,134.7,343.1,375.1,"3,375.40",48.7,"4,319.10","-2,493.30","9,818.80","12,312.10",-459.7,"1,415.90","1,875.60","8,551.80","8,551.80","-6,287.60","6,134.90","12,422.50","12,436.10","12,278.80","9,858","2,212.30",208.5,-157.3,119.1,-276.4,na,na,na,"2,403.30","6,344.60","-2,165.40",10.2,"8,499.80","3,941.30","1,486.20","2,455.10",400.9,304.3,2.2,-63.7,365.8
2004 1Q,"10,655","7,660.80","15,278.10","78,578.30","63,300.20","-4,102.30","15,689.70",81.9,704.6,"6,821.60","2,018.20",235.2,71.1,289.4,"1,454",409.5,172.4,30.2,"3,401.60","19,792",199,58.3,"6,963.90","3,685",470.2,103,151.1,333.4,349.7,"3,156.40",49.5,"4,272.50","-2,986.40","8,896.40","11,882.80",-528.6,"1,271.20","1,799.80","-5,143.10","-5,143.10","-8,197.60","4,675.30","12,872.90","18,525.30","20,187.30","16,815.70","1,545.10","1,826.50","1,662",549.3,"1,112.70",na,na,na,"-15,470.80","34,829.70","25,257.90","9,269.30",302.5,"50,300.50","46,155","4,145.50","-2,148.90","10,655",100.8,-186.7,"10,740.90"
2003 4Q,"2,927.50","9,943.60","17,376.60","79,148.90","61,772.30","-5,062.20","14,348.40",81.6,759.7,"6,537.20","1,959.40",219.8,66.4,191.4,"1,367.20",372.7,101.1,25.3,"2,666.60","19,410.60",111.3,52.1,"6,323","4,240.50",513,55.3,54.2,324.7,430.6,"3,181",41.7,"4,083.20","-1,985.20","7,518.30","9,503.50",-385.6,"1,217.40","1,603","6,751.90","6,751.90","-7,006.20","2,919.90","9,926.10","6,644.50","8,465.60","3,169.70","1,637.90","3,658","1,821.10",-179.5,"2,000.60",na,na,na,"7,113.60","19,821.30","15,743.70","4,907.20",-829.6,"12,707.70","7,031.20","5,676.50",-264.2,"2,927.50",14.3,44.5,"2,868.70"
2003 3Q,"5,076.30","11,429.50","17,005.10","74,441.10","57,436","-3,688.30","13,887.80",77.6,716,"6,107","1,780.60",250.9,66.7,191.5,"1,593.20",355.6,95.9,25.1,"2,627.70","17,576.10",105.8,64,"5,690.80","3,753",511.1,53,54,331.9,399.9,"3,021.40",40.9,"3,550.30","-1,504","7,573.90","9,077.90",-383.3,"1,401.90","1,785.20","4,541.30","4,541.30","-6,938.70","1,265.90","8,204.60","3,321.10","5,412.50","-1,655.30","1,728.70","5,339.10","2,091.40",942.1,"1,149.30",na,na,na,"8,158.90","-5,101.70","-21,801.60","5,212.10","11,487.80","-13,260.60","-8,652.50","-4,608.10","-1,811.90","5,076.30",6.1,-85.3,"5,155.50"
2003 2Q,"2,913.90","9,150.80","14,216.50","69,444.30","55,227.80","-4,183.10","11,583.10",71.3,739.6,"4,886.80","1,145.30",199.4,66.5,176.3,"1,350.30",344,88,23.8,"2,491.80","15,766.20",97.2,56.4,"5,148.50","3,070.40",436.6,30.7,49.7,304.5,387.4,"2,775.80",38.8,"3,370.20",-451.9,"8,040","8,491.90",-430.7,"1,088.40","1,519.10","6,779.70","6,779.70","5,450.80","1,009.20","-4,441.60","10,492.50","11,551.70","3,262.20","2,189.50","6,100","1,059.20",-90,"1,149.20",na,na,na,"-9,163.60","6,002.30","-6,395.20","2,510.70","9,886.80","15,165.90","4,788","10,377.90",542.8,"2,913.90",13.9,117.2,"2,782.80"
2003 1Q,856.8,"10,818.30","15,451.80","68,634.90","53,183.10","-3,561.90","13,146.90",72.6,667.8,"5,812.20","1,821.10",186.4,66.6,183.4,"1,370.80",351.5,89.6,25.3,"2,499.60","16,708.80",98.9,52.7,"5,510.10","3,530.60",434.1,74,51.7,295.5,402.9,"2,826.80",41.3,"3,390.20",-580.4,"7,926.30","8,506.70",-491.2,"1,006.60","1,497.80","6,820.60","6,820.60","-14,721.70","1,295.90","16,017.60","14,361.90","14,686.10","8,441.80","1,610.90","4,633.40",324.2,-288.4,612.6,na,na,na,"7,180.40","6,373.40","-2,393.20","1,470","7,296.60",-807,"-4,704.70","3,897.70","-3,140.90",856.8,12,54.8,790
2002 4Q,-436.5,"7,398.20","12,198.70","66,952.20","54,753.50","-2,885.30","12,863.90",92.8,753.1,"5,550","2,114",347.9,61.5,132.1,"1,120.50",338.9,76.1,19.8,"2,257.20","15,749.20",126.1,52,"5,053.40","3,985",560.2,66.2,48.5,266,370.1,"2,225",47.2,"2,949.50","-1,280.30","6,202.80","7,483.10",-634.9,"1,309.70","1,944.60","7,253.20","7,253.20","-1,819.50","1,101.60","2,921.10","4,099.90","4,438","-1,548.80","1,692.50","4,294.30",338.1,335.8,2.3,na,na,na,"4,972.80","23,489.80","19,262.10",9.2,"4,218.50","18,517","13,244.10","5,272.90",-581.5,-436.5,9.7,4.9,-451.1
2002 3Q,932.7,"6,841.40","10,857.40","65,772.10","54,914.70","-2,252.20","12,732.40",94.8,896.6,"5,473.10","1,929.10",221.8,61.8,134.4,"1,209.20",347.9,77.7,19.5,"2,266.50","14,984.60",128.8,62.2,"4,775.30","3,576.40",443.2,42.1,49.2,282,389.2,"2,272.50",46.9,"2,916.80","-1,134.70","6,357.10","7,491.80",-629.1,900,"1,529.10","6,427.80","6,427.80","2,317.70",645.1,"-1,672.60","12,070.80","11,787.30","6,095.90","1,849.50","3,841.90",-283.5,-11.3,-272.2,na,na,na,"-7,960.70","7,518.20","4,754.20",9.3,"2,754.70","15,478.90","5,965.80","9,513.10",519.1,932.7,9.5,62.8,860.4
2002 2Q,221.6,"4,726.40","8,513.20","64,390.30","55,877.10","-2,764.50","12,214.10",96.4,699.9,"5,277.20","1,918.20",231.1,61.7,130,"1,112.50",344.6,79,19.2,"2,244.30","14,978.60",131,54.4,"4,713.20","3,647.40",448.9,28.4,47.6,261.9,383.6,"2,312",45.9,"2,904.30",-390.6,"7,105.40","7,496",-631.7,915,"1,546.70","3,116.90","3,116.90",588.5,"1,150",561.5,"5,700.20","4,988.10",-729,"2,331","3,386.10",-712.1,-171.2,-540.9,na,na,na,"-3,171.80","-45,702","-55,015",31.1,"9,281.90","-42,530.20","-41,430","-1,100.20","-1,387.90",221.6,8.1,76.9,136.6
2002 1Q,"1,568.40","5,685","8,800.50","57,976.30","49,175.80","-1,935.90","12,125.90",85.5,722.2,"5,239","2,019.20",201.1,61.7,146.7,"1,093.90",334.2,70.1,19,"2,133.30","14,061.80",116.2,53.6,"4,495.60","3,482.90",382.6,65.8,53.7,249.9,376.4,"2,050.80",45.4,"2,688.90",-491.8,"6,597.80","7,089.60",-687.8,813.3,"1,501.10","3,009.60","3,009.60","-7,034.90","2,180.10","9,215","2,881.80","4,575.80",-380.2,"1,588.20","3,367.80","1,694",700.7,993.3,na,na,na,"7,162.70","14,361.40","4,996.20",391.9,"8,973.30","7,198.70","1,530.50","5,668.20","-1,107","1,568.40",0.4,-11.6,"1,579.60"
2001 4Q,"3,957.70","6,511.30","10,330.40","60,892","50,561.60","-2,566.10","11,840.50",48.3,551.6,"5,294.50","2,025.90",220.7,57,83.8,"1,062",336.9,33.8,25.1,"2,100.90","14,406.60",78.1,46.3,"5,412","3,127.40",459.5,46.3,57.3,310.1,417.6,"2,190.10",26.6,"2,235.30",-710,"6,007.20","6,717.20",-543,"1,031.40","1,574.40","1,001.90","1,001.90","-6,332.20","4,877.80","11,210","9,001.60","10,746","4,990.90","1,812.80","3,942.30","1,744.40",-34.7,"1,779.10",na,na,na,"-1,667.50","25,420.50","38,493.40",49,"-13,121.90","27,088","27,492",-404,"-1,551.70","3,957.70",16.2,84.1,"3,857.40"
2001 3Q,"-2,230.40","4,864.40","8,270.70","59,673.70","51,403","-2,186.10","11,511.30",46.9,544.9,"5,098.80","2,082.50",174.1,57.2,88.7,915.2,324.8,32.6,24.8,"2,120.80","13,697.40",76,52.5,"5,134.30","2,899.10",425.7,41.5,60.7,222.9,390.5,"2,128.50",26.3,"2,239.40",-615.7,"5,989.90","6,605.60",-604.5,804.6,"1,409.10","8,337.20","8,337.20","8,167.90","15,625.80","7,457.90","7,234.10","9,022.90","4,599.90","1,776.50","2,646.50","1,788.80",24.6,"1,764.20",na,na,na,"-7,064.80","-16,772.90","-25,960",74.5,"9,112.60","-9,708.10","-3,278.70","-6,429.40","1,242.40","-2,230.40",2.9,12,"-2,245.30"
2001 2Q,"-4,384.80","6,489.10","9,136.60","62,642","53,505.40","-2,838.10","11,471.90",48.6,525.3,"4,959.70","2,098.80",233.1,57.2,85.1,960.7,323.8,33.7,23.9,"2,122","14,310",78.7,48,"5,506.30","3,022.20",502.9,32.7,58.2,212.3,389,"2,205.20",25.4,"2,229.10",763.2,"7,565.10","6,801.90",-572.6,"1,046.20","1,618.80","12,481","12,481","2,024.90","8,470.70","6,445.80","12,786.10","15,082.40","10,180.20","2,334.20","2,568","2,296.30",949.5,"1,346.80",na,na,na,"-2,330","-23,918.40","-24,727.80",114.6,694.8,"-21,588.40","-24,159.90","2,571.50","1,607.10","-4,384.80",13,47.7,"-4,445.50"
2001 1Q,"1,054.20","5,355.70","9,122.70","64,756.60","55,633.90","-2,730","11,462.40",51.2,477.7,"5,144.90","2,105.20",105,57.1,88.6,968.9,311.9,35.5,24.4,"2,092","14,192.40",82.9,48.9,"5,554.50","2,794.50",380.5,61.9,60.6,236.8,373.3,"2,323.70",26,"2,248.80",-513.3,"6,424.60","6,937.90",-523.7,599,"1,122.70","1,623","1,623","1,868.60","7,226.40","5,357.80","11,616.90","12,125.40","7,464.80","2,051.50","2,609.10",508.5,-45,553.5,na,na,na,"-11,862.50","6,737.10","11,404.70",789.8,"-5,457.40","18,599.60","16,764.10","1,835.50","-2,678.50","1,054.20",9,13.2,"1,032"
2000 4Q,"3,760.90","2,857.10","6,606.80","73,117","66,510.20","-2,471.80","11,513.80",54.4,484.9,"5,289","2,141.60",326.4,53.3,61.2,757.2,259.4,30.2,16.5,"2,039.70","13,985.60",58.6,40.5,"5,816.70","2,414.90",652.5,42.2,58.2,251,372.1,"2,363.50",19.7,"1,895.70","-1,059.20","6,131.40","7,190.60",-218.7,888.9,"1,107.60",-195.2,-195.2,"-4,342.10","4,632.20","8,974.30","5,807.90","5,232.60",-13.4,"2,086.70","3,159.30",-575.3,-260,-315.3,na,na,na,"-1,661","39,940.60","39,707.80",975.9,-743.1,"41,601.60","37,580.30","4,021.30",708.6,"3,760.90",8.6,-9.6,"3,761.90"
2000 3Q,"4,393.90","6,106.70","8,125.50","71,851.50","63,726","-1,540.90","11,597.70",53.3,398.9,"5,301.60","2,378.40",257.9,53.2,60.6,767.3,255.9,29.4,16.2,"2,025","13,138.60",57.4,46.9,"5,491.40","2,065.40",571.4,34.7,57.5,258,365.5,"2,313.90",19.9,"1,856.60",-223,"6,842.70","7,065.70",-254.9,919.2,"1,174.10","3,731.40","3,731.40","-4,389.90","2,520.80","6,910.70","10,152.50","10,572.60","4,631.50","2,159.40","3,781.70",420.1,216.6,203.5,na,na,na,"-2,031.20","6,869.40","-4,604.90","1,574.80","9,899.50","8,900.60","4,652.50","4,248.10","2,018.60","4,393.90",9.8,-50.1,"4,434.20"
2000 2Q,"5,859.50","4,976.70","6,566.30","63,999.80","57,433.50","-1,676.50","11,060.20",49,461.7,"4,961.90","2,204.50",238.2,53.1,55.3,784.4,249.2,27.1,15.6,"1,960.20","12,736.70",52.8,42.7,"5,379.20","2,152.80",501.5,27.3,52.4,262,355.8,"2,128.40",19.4,"1,762.40",304.4,"7,029.50","6,725.10",-217.5,876.8,"1,094.30",734.8,734.8,"-2,112.50","2,200.60","4,313.10","9,516.90","9,114.80","3,706.70","2,645.90","2,762.20",-402.1,-195.2,-206.9,na,na,na,"-6,669.60","-3,722.10","-16,435.90","1,554.70","11,159.10","2,947.50","-5,719.80","8,667.30","1,617.60","5,859.50",6.3,-100.2,"5,953.40"
2000 1Q,"-2,170.80","4,397.50","5,878.70","58,147","52,268.30","-1,053.60","10,683.10",45.7,409.8,"4,826.80","2,140.20",102.9,53.1,54.7,872.3,226.2,25.3,15.6,"1,910.50","11,736.70",49.3,41.1,"4,941.90","1,880.60",396.1,65.8,51.7,267.7,313.8,"1,985.20",19.5,"1,724",-34.7,"6,416.90","6,451.60",-392.9,307.5,700.4,"5,720.30","5,720.30","-4,097","2,452.70","6,549.70","10,821.90","8,650.90","3,468.20","2,682.60","2,500.10","-2,171","-1,283.80",-887.2,na,na,na,"-1,004.60","5,657.10","3,309.30",-39.8,"2,387.60","6,661.70","3,403","3,258.70",-848,"-2,170.80",8,0.1,"-2,178.90"